{
  "generated_at": "2026-06-11T19:10:55.948139+00:00",
  "schema_version": "1.0",
  "description": "Baseline oficial congelado de outputs del motor NEXA. Cualquier cambio aquí debe ser intencional y revisado.",
  "scenarios": {
    "bancamia_whatsapp_only": {
      "test_case_path": "test_cases/input/bancamia_whatsapp_only.json",
      "test_case_sha256": "d0fbbc321857f8c947256a9d7cba26557a1d3062d344dcc70de2567359efb516",
      "panel": {
        "cliente": "Bancamia",
        "linea_negocio": "Cobranzas",
        "meses_contrato": 12,
        "margen": 0.1339
      },
      "kpis": {
        "ingreso_mensual": 50646202.91,
        "facturacion_mensual_proyectada": 50646202.91,
        "ingreso_neto_total": 7210165881.37,
        "costo_total_contrato": 4793396843.67,
        "utilidad_neta_total": 2416769037.7,
        "pct_utilidad_neta_total": 0.3351891,
        "cumple_margen_minimo": false,
        "valor_total_deal": 7210165881.37
      },
      "cost_to_serve": {
        "cts_cadena_a": 0.0,
        "cts_cadena_b": 359327.23,
        "cts_ponderado": 359327.23,
        "fte_cadena_a": 0.0,
        "vol_cadena_b": 1000.0
      },
      "vision_tarifas": {
        "canales": [
          {
            "nombre": "Inbound 10",
            "fte": 6.0,
            "costo_atribuible": 418807367.75,
            "tarifa_fijo_fte": 82237319.96
          }
        ]
      },
      "pyg_por_mes": [
        {
          "mes": 1,
          "rampup": 0.85,
          "payroll_a": 28893390.62,
          "no_payroll_a": 11229118.23,
          "costo_b": 359327228.12,
          "costo_c": 0.0,
          "polizas": 10824201.32,
          "ica": 9628833.0,
          "gmf": 1641095.75,
          "financiacion": 0.0,
          "ingreso_bruto_a": 42297774.34,
          "ingreso_bruto_b": 468694179.43,
          "ingreso_neto": 520700169.85,
          "pct_utilidad_neta": 0.23286037
        },
        {
          "mes": 2,
          "rampup": 0.92,
          "payroll_a": 28893390.62,
          "no_payroll_a": 11229118.23,
          "costo_b": 359327228.12,
          "costo_c": 0.0,
          "polizas": 10989811.6,
          "ica": 9754376.83,
          "gmf": 1666204.52,
          "financiacion": 6111580.98,
          "ingreso_bruto_a": 45781120.46,
          "ingreso_bruto_b": 507292523.61,
          "ingreso_neto": 563581360.31,
          "pct_utilidad_neta": 0.29122969
        },
        {
          "mes": 3,
          "rampup": 1.0,
          "payroll_a": 28893390.62,
          "no_payroll_a": 11229118.23,
          "costo_b": 359327228.12,
          "costo_c": 0.0,
          "polizas": 10989811.6,
          "ica": 9754376.83,
          "gmf": 1666204.52,
          "financiacion": 6111580.98,
          "ingreso_bruto_a": 49762087.46,
          "ingreso_bruto_b": 551404916.97,
          "ingreso_neto": 612588435.12,
          "pct_utilidad_neta": 0.34793131
        },
        {
          "mes": 4,
          "rampup": 1.0,
          "payroll_a": 28893390.62,
          "no_payroll_a": 11229118.23,
          "costo_b": 359327228.12,
          "costo_c": 0.0,
          "polizas": 10989811.6,
          "ica": 9754376.83,
          "gmf": 1666204.52,
          "financiacion": 6111580.98,
          "ingreso_bruto_a": 49762087.46,
          "ingreso_bruto_b": 551404916.97,
          "ingreso_neto": 612588435.12,
          "pct_utilidad_neta": 0.34793131
        },
        {
          "mes": 5,
          "rampup": 1.0,
          "payroll_a": 28893390.62,
          "no_payroll_a": 11229118.23,
          "costo_b": 359327228.12,
          "costo_c": 0.0,
          "polizas": 10989811.6,
          "ica": 9754376.83,
          "gmf": 1666204.52,
          "financiacion": 6111580.98,
          "ingreso_bruto_a": 49762087.46,
          "ingreso_bruto_b": 551404916.97,
          "ingreso_neto": 612588435.12,
          "pct_utilidad_neta": 0.34793131
        },
        {
          "mes": 6,
          "rampup": 1.0,
          "payroll_a": 28893390.62,
          "no_payroll_a": 11229118.23,
          "costo_b": 359327228.12,
          "costo_c": 0.0,
          "polizas": 10989811.6,
          "ica": 9754376.83,
          "gmf": 1666204.52,
          "financiacion": 6111580.98,
          "ingreso_bruto_a": 49762087.46,
          "ingreso_bruto_b": 551404916.97,
          "ingreso_neto": 612588435.12,
          "pct_utilidad_neta": 0.34793131
        },
        {
          "mes": 7,
          "rampup": 1.0,
          "payroll_a": 28893390.62,
          "no_payroll_a": 11229118.23,
          "costo_b": 359327228.12,
          "costo_c": 0.0,
          "polizas": 10989811.6,
          "ica": 9754376.83,
          "gmf": 1666204.52,
          "financiacion": 6111580.98,
          "ingreso_bruto_a": 49762087.46,
          "ingreso_bruto_b": 551404916.97,
          "ingreso_neto": 612588435.12,
          "pct_utilidad_neta": 0.34793131
        },
        {
          "mes": 8,
          "rampup": 1.0,
          "payroll_a": 28893390.62,
          "no_payroll_a": 11229118.23,
          "costo_b": 359327228.12,
          "costo_c": 0.0,
          "polizas": 10989811.6,
          "ica": 9754376.83,
          "gmf": 1666204.52,
          "financiacion": 6111580.98,
          "ingreso_bruto_a": 49762087.46,
          "ingreso_bruto_b": 551404916.97,
          "ingreso_neto": 612588435.12,
          "pct_utilidad_neta": 0.34793131
        },
        {
          "mes": 9,
          "rampup": 1.0,
          "payroll_a": 28893390.62,
          "no_payroll_a": 11229118.23,
          "costo_b": 359327228.12,
          "costo_c": 0.0,
          "polizas": 10989811.6,
          "ica": 9754376.83,
          "gmf": 1666204.52,
          "financiacion": 6111580.98,
          "ingreso_bruto_a": 49762087.46,
          "ingreso_bruto_b": 551404916.97,
          "ingreso_neto": 612588435.12,
          "pct_utilidad_neta": 0.34793131
        },
        {
          "mes": 10,
          "rampup": 1.0,
          "payroll_a": 28893390.62,
          "no_payroll_a": 11229118.23,
          "costo_b": 359327228.12,
          "costo_c": 0.0,
          "polizas": 10989811.6,
          "ica": 9754376.83,
          "gmf": 1666204.52,
          "financiacion": 6111580.98,
          "ingreso_bruto_a": 49762087.46,
          "ingreso_bruto_b": 551404916.97,
          "ingreso_neto": 612588435.12,
          "pct_utilidad_neta": 0.34793131
        },
        {
          "mes": 11,
          "rampup": 1.0,
          "payroll_a": 28893390.62,
          "no_payroll_a": 11229118.23,
          "costo_b": 359327228.12,
          "costo_c": 0.0,
          "polizas": 10989811.6,
          "ica": 9754376.83,
          "gmf": 1666204.52,
          "financiacion": 6111580.98,
          "ingreso_bruto_a": 49762087.46,
          "ingreso_bruto_b": 551404916.97,
          "ingreso_neto": 612588435.12,
          "pct_utilidad_neta": 0.34793131
        },
        {
          "mes": 12,
          "rampup": 1.0,
          "payroll_a": 28893390.62,
          "no_payroll_a": 11229118.23,
          "costo_b": 359327228.12,
          "costo_c": 0.0,
          "polizas": 10989811.6,
          "ica": 9754376.83,
          "gmf": 1666204.52,
          "financiacion": 6111580.98,
          "ingreso_bruto_a": 49762087.46,
          "ingreso_bruto_b": 551404916.97,
          "ingreso_neto": 612588435.12,
          "pct_utilidad_neta": 0.34793131
        }
      ]
    },
    "bancamia_excel_match": {
      "test_case_path": "test_cases/input/bancamia_excel_match.json",
      "test_case_sha256": "1e9821365d4138a3117be5e143840bdecc46a95473b2c65555eefc1505da6272",
      "panel": {
        "cliente": "Bancamia",
        "linea_negocio": "Cobranzas",
        "meses_contrato": 12,
        "margen": 0.1339
      },
      "kpis": {
        "ingreso_mensual": 416945544.82,
        "facturacion_mensual_proyectada": 416945544.82,
        "ingreso_neto_total": 11382478903.48,
        "costo_total_contrato": 8181585017.08,
        "utilidad_neta_total": 3200893886.4,