{
  "contribucion_total": 526705278.971308,
  "costo_cadena_a_promedio": 94391076.34618,
  "costo_mensual_promedio": 94391076.34618,
  "costo_total_contrato": 1132692916.154165,
  "cumple_margen_minimo": true,
  "facturacion_mensual_proyectada": 131960477.326344,
  "ingreso_bruto_total": 1536479810.301363,
  "ingreso_mensual": 131960477.326344,
  "ingreso_neto_total": 1659398195.125473,
  "margen_minimo_requerido": 0.21,
  "pct_utilidad_neta_total": 0.317407,
  "utilidad_neta_total": 526705278.971308,
  "valor_total_deal": 1659398195.125473
}